﻿<project version="2.9" name="RoundUpDonate" ID="95B9C721-1482-4BEB-93C5-53ACA94A2B4D">
  <params>
    <pageParam version="5.2" minAllowVersion="5.2"/>
    <projectParam version="2.9" minAllowVersion="2.9" platform="MtMobile" orientation="MoPortrait" mobileScreenScale="1.77777779102325" mobileType="mmtIOS" pageSize="(375,667)" backgroundColor="4294967295" fontSize="0" fontFamily="" projectType="ptPersonalProject" isShowTitleIndex="False"/>
    <previewParam version="1.0"/>
    <colorParam version="1.0"/>
  </params>
  <pages>
    <page name="Start-1" ID="54CCA2FB-96F9-4072-A791-C0BABD98F95B" expanded="True" code="WRuEyNvFoG" thumbCode="WRuEyNvFoG" status="psWhite" isfolder="False" isshownode="True">
      <images>
        <image key="80F57F706A1DCB71694914CA5E299062.png"/>
        <image key="F0269906D6FC464D62CB8352504081A4.svg"/>
        <image key="F34CBDB58FF46A0F62D092E957E30719.svg"/>
        <image key="274F8E6597A0B62726A97F81B99D884E.svg"/>
      </images>
      <page name="Enroll" ID="71EEFF79-4A5F-497D-9648-3AFFC92C6D23" expanded="False" code="Szbq6z3t8L" thumbCode="Szbq6z3t8L" status="psWhite" isfolder="False" isshownode="True">
        <images>
          <image key="80F57F706A1DCB71694914CA5E299062.png"/>
          <image key="772425C54950190F49759D61D9D8F722.png"/>
          <image key="65A67A1B85BD33A0B4D826077C05193D.png"/>
        </images>
      </page>
    </page>
    <page name="Statement" ID="4010D4A7-FAEF-47F4-9D61-2C9A1ED52330" expanded="True" code="cmFyGjB8vb" thumbCode="cmFyGjB8vb" status="psWhite" isfolder="False" isshownode="True">
      <images>
        <image key="80F57F706A1DCB71694914CA5E299062.png"/>
        <image key="6E397F998770B38A343BB5B849DF19E9.svg"/>
        <image key="9DA58F6FCBD77A56BA4CDD80AFFCE333.svg"/>
        <image key="0BB3E4D69C541835B2A4BDE2770308EF.png"/>
      </images>
      <page name="AfterPayment" ID="F43EB803-62E2-4788-A75D-0CC256EDC445" expanded="True" code="Bo8RlbhEpj" thumbCode="Bo8RlbhEpj" status="psWhite" isfolder="False" isshownode="True">
        <images>
          <image key="80F57F706A1DCB71694914CA5E299062.png"/>
          <image key="520A776503D70E7FC53BE8D209CC96C1.svg"/>
          <image key="24B6825248D2E3B41E6A51EC7FE24971.svg"/>
          <image key="72135AC979DF27F91E0576320689AC86.svg"/>
          <image key="4CEBA48D845888E06C868951A5E1A875.svg"/>
        </images>
      </page>
    </page>
    <page name="Preferences" ID="43787089-D2CC-498A-ABE6-0BB0DF7CC4A0" expanded="False" code="jnVjXyOsqs" thumbCode="jnVjXyOsqs" isLastOpen="True" status="psWhite" isfolder="False" isshownode="True">
      <images>
        <image key="80F57F706A1DCB71694914CA5E299062.png"/>
        <image key="65A67A1B85BD33A0B4D826077C05193D.png"/>
        <image key="C5F9D32D3D3C2284ABCC3817539185AE.png"/>
        <image key="772425C54950190F49759D61D9D8F722.png"/>
      </images>
    </page>
  </pages>
  <trash>
    <page name="Page1" ID="4F3F6384-EC23-4287-AE17-432A546C5183" expanded="True" code="vgCzZZoI1L" thumbCode="EFmXI4rrrr" isLastOpen="True" status="psWhite" isfolder="False" isshownode="True">
      <images>
        <image key="6D1CEB4D1900BF0D10579F08D03B855B.svg"/>
        <image key="40E6372C00B801A2DB7A7C5B46FD5410.svg"/>
        <image key="D6859759E093AABA6D618DD6AA733504.svg"/>
        <image key="8475D20AB379BE317E4B227F4BFF64F9.svg"/>
      </images>
    </page>
    <page name="Home" ID="43B23C27-4D41-40DC-B8C7-8919D5E90CC1" expanded="False" code="WLaTiNUge1" thumbCode="odCosDQNI5" isLastOpen="True" status="psWhite" isfolder="False" isshownode="True">
      <images>
        <image key="B91434690C5B5224D1CC6B1998F1178A.svg"/>
        <image key="97D42F84AB1ACA7B3DB71E8D7DA90BF0.svg"/>
        <image key="D868F088D99685F4F8FFFB82A8BE0C11.png"/>
        <image key="631DFDA71C66067B398FAC8C3508A848.png"/>
        <image key="1718B47E5B33EBC70749AFF5E4731A65.png"/>
        <image key="9DA58F6FCBD77A56BA4CDD80AFFCE333.svg"/>
        <image key="79F9DC74B945DB74B90AD63DC2BF46B5.svg"/>
        <image key="E33355073587308CD77F49AD22253EC2.svg"/>
        <image key="668DD9F26B4CB43D4768398122144B13.png"/>
        <image key="999FC6A64D8520673ED5CB208923E4FC.png"/>
      </images>
    </page>
    <page name="Nap" ID="5D2FBA44-1826-4591-9E6E-B8E3F1DB76C0" expanded="True" code="765oIfVgfU" thumbCode="MuZYFHCPHh" status="psWhite" isfolder="False" isshownode="True">
      <images>
        <image key="3C3D1B980D04C748537FE09F7D0F1DEF.svg"/>
        <image key="CC2F86A65A0587F585F9C4890BF507D1.svg"/>
        <image key="13E062849DE3A647D600B1982C571CD1.png"/>
        <image key="9DA58F6FCBD77A56BA4CDD80AFFCE333.svg"/>
        <image key="D6859759E093AABA6D618DD6AA733504.svg"/>
      </images>
    </page>
    <page name="Share" ID="837F7859-3E8E-4D6B-AB40-0AD62FFB515B" expanded="True" code="khuEHbMtjc" thumbCode="AuwJODRimG" status="psWhite" isfolder="False" isshownode="True">
      <images>
        <image key="935841B8272642EEDE7DC8C74CC388A9.svg"/>
        <image key="E20DC37E2498DB433567B74928573398.png"/>
        <image key="24AC6E9D0DB95CFF2CF4AFB878AB46D7.svg"/>
        <image key="29F37D064345EFF092FDE43A909201C4.svg"/>
        <image key="DB7FC814F441C17601BBA7EA29C0CC4C.svg"/>
      </images>
    </page>
    <page name="Play" ID="352276CC-CDB1-4C97-BFBE-4C75EAFEBFE2" expanded="True" code="LSPYqtOtk6" thumbCode="AfoDf4EWRF" status="psWhite" isfolder="False" isshownode="True">
      <images>
        <image key="B50029282637CCE0123400A706E80991.svg"/>
        <image key="FBDD56452F7C5E2A186B42484A1CF33E.svg"/>
        <image key="40E6372C00B801A2DB7A7C5B46FD5410.svg"/>
        <image key="CC2F86A65A0587F585F9C4890BF507D1.svg"/>
        <image key="5737F0E64A7242A9536C4617DB0BC3CE.png"/>
        <image key="ECF751B3C6F86D2D4BC12F276679DBEC.png"/>
        <image key="039069A9D14D7E9E2BA25F82DEC957DF.svg"/>
        <image key="01C687310F9F3CD70AEFE872B950F27F.svg"/>
        <image key="9C5D54E8152D0F872A2374FC975D8975.svg"/>
      </images>
    </page>
    <page name="Profile" ID="601FAE50-7D6F-48E3-9102-C6D8EAA51F1B" expanded="True" code="tsbhLS2Aug" thumbCode="I9ZyyUbAI7" isLastOpen="True" status="psWhite" isfolder="False" isshownode="True">
      <images>
        <image key="B91434690C5B5224D1CC6B1998F1178A.svg"/>
        <image key="79F9DC74B945DB74B90AD63DC2BF46B5.svg"/>
        <image key="1718B47E5B33EBC70749AFF5E4731A65.png"/>
        <image key="9DA58F6FCBD77A56BA4CDD80AFFCE333.svg"/>
        <image key="E33355073587308CD77F49AD22253EC2.svg"/>
        <image key="2D780716D3D89B2EFB0155599BA0A89F.svg"/>
        <image key="A74ACDBBC3EE487C9CDF84F8F9700C7C.svg"/>
      </images>
    </page>
    <page name="Welcome" ID="D8BD4F34-39CA-4530-B41E-BC9A0A5BA522" expanded="True" code="SjkQ5FEKyB" thumbCode="p2ryAc6h9U" isLastOpen="True" status="psWhite" isfolder="False" isshownode="True">
      <images>
        <image key="D6859759E093AABA6D618DD6AA733504.svg"/>
        <image key="0EC0CBD22E50FDDD7982788715264CB1.PNG"/>
      </images>
    </page>
    <page name="Settings" ID="FED9BC6D-D032-4E42-9580-0AF3D2EEEC7E" expanded="True" code="88OJxqXqWY" thumbCode="kxQmhG8ZJL" isLastOpen="True" status="psWhite" isfolder="False" isshownode="True">
      <images>
        <image key="B91434690C5B5224D1CC6B1998F1178A.svg"/>
        <image key="79F9DC74B945DB74B90AD63DC2BF46B5.svg"/>
        <image key="0EC0CBD22E50FDDD7982788715264CB1.PNG"/>
        <image key="2D780716D3D89B2EFB0155599BA0A89F.svg"/>
        <image key="E33355073587308CD77F49AD22253EC2.svg"/>
      </images>
    </page>
    <page name="Start-1" ID="1B8B5702-105A-48A8-A985-13FD830A18F1" expanded="True" code="ghSHWYnqOE" thumbCode="F1qY9has56" isLastOpen="True" status="psWhite" isfolder="False" isshownode="True">
      <images>
        <image key="80F57F706A1DCB71694914CA5E299062.png"/>
      </images>
    </page>
    <page name="Page" ID="714DAFFC-DAC1-40DA-8EBB-56A2538E4EC7" expanded="False" code="m14sORyR1q" thumbCode="xwEz6e1Z2k" isLastOpen="True" status="psWhite" isfolder="False" isshownode="True"/>
    <page name="Preference" ID="3CF34639-4DA2-4C8B-9AFF-5F1076CB1B86" expanded="False" code="NTTD2ccYzv" thumbCode="DCSdaMa2Re" isLastOpen="True" status="psWhite" isfolder="False" isshownode="True"/>
  </trash>
  <deletes/>
  <masters/>
  <images>
    <image key="0BB3E4D69C541835B2A4BDE2770308EF.png"/>
    <image key="3C3D1B980D04C748537FE09F7D0F1DEF.svg"/>
    <image key="FBDD56452F7C5E2A186B42484A1CF33E.svg"/>
    <image key="B50029282637CCE0123400A706E80991.svg"/>
    <image key="D868F088D99685F4F8FFFB82A8BE0C11.png"/>
    <image key="9DA58F6FCBD77A56BA4CDD80AFFCE333.svg"/>
    <image key="E20DC37E2498DB433567B74928573398.png"/>
    <image key="24AC6E9D0DB95CFF2CF4AFB878AB46D7.svg"/>
    <image key="8475D20AB379BE317E4B227F4BFF64F9.svg"/>
    <image key="B91434690C5B5224D1CC6B1998F1178A.svg"/>
    <image key="6D1CEB4D1900BF0D10579F08D03B855B.svg"/>
    <image key="CC2F86A65A0587F585F9C4890BF507D1.svg"/>
    <image key="97D42F84AB1ACA7B3DB71E8D7DA90BF0.svg"/>
    <image key="631DFDA71C66067B398FAC8C3508A848.png"/>
    <image key="1718B47E5B33EBC70749AFF5E4731A65.png"/>
    <image key="C5F9D32D3D3C2284ABCC3817539185AE.png"/>
    <image key="24B6825248D2E3B41E6A51EC7FE24971.svg"/>
    <image key="F0269906D6FC464D62CB8352504081A4.svg"/>
    <image key="0EC0CBD22E50FDDD7982788715264CB1.PNG"/>
    <image key="29F37D064345EFF092FDE43A909201C4.svg"/>
    <image key="039069A9D14D7E9E2BA25F82DEC957DF.svg"/>
    <image key="4CEBA48D845888E06C868951A5E1A875.svg"/>
    <image key="9C5D54E8152D0F872A2374FC975D8975.svg"/>
    <image key="999FC6A64D8520673ED5CB208923E4FC.png"/>
    <image key="772425C54950190F49759D61D9D8F722.png"/>
    <image key="72135AC979DF27F91E0576320689AC86.svg"/>
    <image key="13E062849DE3A647D600B1982C571CD1.png"/>
    <image key="79F9DC74B945DB74B90AD63DC2BF46B5.svg"/>
    <image key="274F8E6597A0B62726A97F81B99D884E.svg"/>
    <image key="5737F0E64A7242A9536C4617DB0BC3CE.png"/>
    <image key="80F57F706A1DCB71694914CA5E299062.png"/>
    <image key="65A67A1B85BD33A0B4D826077C05193D.png"/>
    <image key="ECF751B3C6F86D2D4BC12F276679DBEC.png"/>
    <image key="01C687310F9F3CD70AEFE872B950F27F.svg"/>
    <image key="2D780716D3D89B2EFB0155599BA0A89F.svg"/>
    <image key="6E397F998770B38A343BB5B849DF19E9.svg"/>
    <image key="DB7FC814F441C17601BBA7EA29C0CC4C.svg"/>
    <image key="520A776503D70E7FC53BE8D209CC96C1.svg"/>
    <image key="40E6372C00B801A2DB7A7C5B46FD5410.svg"/>
    <image key="935841B8272642EEDE7DC8C74CC388A9.svg"/>
    <image key="F34CBDB58FF46A0F62D092E957E30719.svg"/>
    <image key="D6859759E093AABA6D618DD6AA733504.svg"/>
    <image key="E33355073587308CD77F49AD22253EC2.svg"/>
    <image key="668DD9F26B4CB43D4768398122144B13.png"/>
    <image key="A74ACDBBC3EE487C9CDF84F8F9700C7C.svg"/>
  </images>
</project>