﻿<LinkSources version="1.02">
  <page ID="54CCA2FB-96F9-4072-A791-C0BABD98F95B">
    <linkSource sourcePageID="1B8B5702-105A-48A8-A985-13FD830A18F1" comID="D9E91D4D-B723-4EFB-9B24-6D1A26AC574C" comLinkType="cltPageLink"/>
  </page>
  <page ID="71EEFF79-4A5F-497D-9648-3AFFC92C6D23">
    <linkSource sourcePageID="54CCA2FB-96F9-4072-A791-C0BABD98F95B" comID="AC3041CE-7D2D-4A50-99B5-9B67011FEAE0" comLinkType="cltPageLink"/>
    <linkSource sourcePageID="D8BD4F34-39CA-4530-B41E-BC9A0A5BA522" comID="B724BB14-FFFE-4384-95D4-38D94A54F8CE" comLinkType="cltPageLink"/>
  </page>
  <page ID="F43EB803-62E2-4788-A75D-0CC256EDC445">
    <linkSource sourcePageID="4010D4A7-FAEF-47F4-9D61-2C9A1ED52330" comID="760D55B7-A1F9-4907-9193-9AB05A915D91" comLinkType="cltPageLink"/>
    <linkSource sourcePageID="F43EB803-62E2-4788-A75D-0CC256EDC445" comID="97B913B3-D967-4195-AEBA-ADB235805645" comLinkType="cltPageLink"/>
  </page>
  <page ID="43787089-D2CC-498A-ABE6-0BB0DF7CC4A0">
    <linkSource sourcePageID="F43EB803-62E2-4788-A75D-0CC256EDC445" comID="97B913B3-D967-4195-AEBA-ADB235805645" comLinkType="cltPageLink"/>
  </page>
</LinkSources>