﻿<mockup version="5.2" minAllowVersion="5.2" ID="71EEFF79-4A5F-497D-9648-3AFFC92C6D23" platform="MtMobile" defaultW="375" defaultH="667" measureW="375" measureH="667" screenOrientation="MoPortrait" mobileScreenScale="1.77777779102325" clipArea="(0,0,0,0)">
  <controls controlCount="25">
    <control controlID="F66592FB-88D3-4C62-A495-24690DE70862" controlTypeID="Shape" x="0" y="47" w="375" h="620" zOrder="0">
      <color>4294572537</color>
      <font family="Nirmala+UI" displayName="Nirmala+UI" postScript="" weightStyle="Regular" weight="400" isBold="False" isItalic="False" useDefaultFontFamily="False"/>
      <textSize>14</textSize>
      <selectedIndex>-1</selectedIndex>
    </control>
    <control controlID="1DB5CD50-8272-4F1C-96B6-1DA369EDF391" controlTypeID="Image" x="0" y="0" w="375" h="47" zOrder="1">
      <URL>80F57F706A1DCB71694914CA5E299062.png</URL>
    </control>
    <control controlID="90368305-15C4-47DC-8436-3321AB38124A" controlTypeID="CompositeComboBox" x="79" y="89" w="200" h="39" zOrder="2">
      <groupChildrenDescriptors>
        <control controlID="883DCF35-DBE6-48D1-BD5B-BEFBAACE8146" controlTypeID="TextInput" x="0" y="0" w="177" h="39" zOrder="0">
          <locked>True</locked>
          <canMove>False</canMove>
          <alias>input</alias>
          <font family="Nirmala+UI" displayName="Nirmala+UI" postScript="" weightStyle="Regular" weight="400" isBold="False" isItalic="False" useDefaultFontFamily="False"/>
          <text>Select+Category+or+Cause</text>
          <textColor>4287006342</textColor>
          <lineSpacing>0</lineSpacing>
          <selectedIndex>-1</selectedIndex>
        </control>
        <control controlID="3241C74E-82C8-45FD-B37A-E0792F2A3A70" controlTypeID="Button" x="176" y="0" w="24" h="39" zOrder="1">
          <locked>True</locked>
          <canMove>False</canMove>
          <alias>button</alias>
          <font family="Segoe+UI" displayName="Segoe+UI" postScript="" weightStyle="Regular" weight="400" isBold="False" isItalic="False"/>
          <lineSpacing>0</lineSpacing>
          <selectedIndex>-1</selectedIndex>
          <radius>0</radius>
        </control>
        <control controlID="376D3588-2E2D-4BA0-8EB0-B1DB7874808D" controlTypeID="List" x="0" y="39" w="200" h="470" zOrder="2">
          <isShow>False</isShow>
          <canMove>False</canMove>
          <alias>dropDown</alias>
          <font family="Nirmala+UI" displayName="Nirmala+UI" postScript="" weightStyle="Regular" weight="400" isBold="False" isItalic="False" useDefaultFontFamily="False"/>
          <text>Select+Category+or+Cause%0D%0AAnimals%0D%0AArts%2C+Culture%2C+Humanities%0D%0ACommunity+Development%0D%0AEducation%0D%0AEnvironment%0D%0AHealth%0D%0AHuman+and+Civil+Rights%0D%0AHuman+Services%0D%0AInternational%0D%0AJPMC+Strategic++Initiatives%0D%0AResearch+and+Public+Policy</text>
          <textSize>14</textSize>
          <lineSpacing>0</lineSpacing>
          <itemHeight>39</itemHeight>
          <interlaceColor>4294967295</interlaceColor>
        </control>
      </groupChildrenDescriptors>
      <font family="Nirmala+UI"/>
      <textColor>4287006342</textColor>
      <textSize>14</textSize>
    </control>
    <control controlID="714181A3-A50E-49C4-807B-3EC451E8EF23" controlTypeID="Image" x="24" y="215" w="82" h="74" zOrder="3"/>
    <control controlID="00EDA498-A08C-4535-91EC-B0B638ED99BA" controlTypeID="Image" x="138" y="215" w="82" h="74" zOrder="4"/>
    <control controlID="67DA9E0E-7430-4DAB-897F-CA21E3EA2B5A" controlTypeID="Image" x="249" y="215" w="82" h="74" zOrder="5"/>
    <control controlID="73530C36-93A2-4C94-8E36-63D7C92559FB" controlTypeID="TextInput" x="214" y="358" w="117" h="39" zOrder="6">
      <color>4294111986</color>
      <borderVisible>False</borderVisible>
      <font family="Nirmala+UI" displayName="Nirmala+UI" postScript="" weightStyle="Regular" weight="400" isBold="False" isItalic="False" useDefaultFontFamily="False"/>
      <text>$20.00</text>
      <textAlign>HaRight</textAlign>
      <lineSpacing>0</lineSpacing>
      <selectedIndex>-1</selectedIndex>
    </control>
    <control controlID="39B4B23C-FF0F-4B4F-B3F6-6ADD275AE867" controlTypeID="CheckBox" x="30" y="363" w="171" h="29" zOrder="7">
      <font family="Nirmala+UI" displayName="Nirmala+UI" postScript="" weightStyle="Regular" weight="400" isBold="False" isItalic="False" useDefaultFontFamily="False"/>
      <text>Limit+Monthly+Donation</text>
      <textColor>4279335626</textColor>
      <lineSpacing>0</lineSpacing>
      <selectedIndex>-1</selectedIndex>
      <size>15</size>
    </control>
    <control controlID="1FCA5354-E1A3-47DC-AD27-FF5789F05BB5" controlTypeID="CheckBox" x="25" y="579" w="147" h="36" zOrder="8">
      <font family="Nirmala+UI" displayName="Nirmala+UI" postScript="" weightStyle="Regular" weight="400" isBold="False" isItalic="False" useDefaultFontFamily="False"/>
      <text>Terms+%26+Conditions</text>
      <textColor>4279335626</textColor>
      <lineSpacing>0</lineSpacing>
      <selectedIndex>-1</selectedIndex>
      <size>15</size>
    </control>
    <control controlID="485A42FB-0BAA-4A58-858C-39CBCD31F43B" controlTypeID="CompositeComboBox" x="79" y="138" w="200" h="39" zOrder="9">
      <groupChildrenDescriptors>
        <control controlID="FFA1C9FC-BDDA-4B0F-B5D0-E2A48B29CC4A" controlTypeID="TextInput" x="0" y="0" w="177" h="39" zOrder="0">
          <locked>True</locked>
          <canMove>False</canMove>
          <alias>input</alias>
          <font family="Nirmala+UI" displayName="Nirmala+UI" postScript="" weightStyle="Regular" weight="400" isBold="False" isItalic="False" useDefaultFontFamily="False"/>
          <text>Select+a+Cause</text>
          <textColor>4287006342</textColor>
          <lineSpacing>0</lineSpacing>
          <selectedIndex>-1</selectedIndex>
        </control>
        <control controlID="E4A93B55-090B-4BF3-A39C-FBD0708C0BB2" controlTypeID="Button" x="176" y="0" w="24" h="39" zOrder="1">
          <locked>True</locked>
          <canMove>False</canMove>
          <alias>button</alias>
          <font family="Segoe+UI" displayName="Segoe+UI" postScript="" weightStyle="Regular" weight="400" isBold="False" isItalic="False"/>
          <lineSpacing>0</lineSpacing>
          <selectedIndex>-1</selectedIndex>
          <radius>0</radius>
        </control>
        <control controlID="1B696B27-2CAC-460F-9AEE-27D8CE17DC7E" controlTypeID="List" x="0" y="39" w="200" h="158" zOrder="2">
          <isShow>False</isShow>
          <canMove>False</canMove>
          <alias>dropDown</alias>
          <font family="Nirmala+UI" displayName="Nirmala+UI" postScript="" weightStyle="Regular" weight="400" isBold="False" isItalic="False" useDefaultFontFamily="False"/>
          <text>Select+a+Cause%0D%0AAnimal+Rights%2C+Welfare%2C+and+Services%0D%0AWildlife+Conservation%0D%0AZoos+and+Aquariums</text>
          <textSize>14</textSize>
          <lineSpacing>0</lineSpacing>
          <itemHeight>39</itemHeight>
          <interlaceColor>4294967295</interlaceColor>
        </control>
      </groupChildrenDescriptors>
      <font family="Nirmala+UI"/>
      <textColor>4287006342</textColor>
      <textSize>14</textSize>
    </control>
    <control controlID="5D7AFC31-7399-4C4F-9613-EB7311B48964" controlTypeID="Button" x="13" y="615" w="171" h="42" zOrder="10">
      <color>4292335575</color>
      <borderVisible>False</borderVisible>
      <font family="Segoe+UI" displayName="Segoe+UI" postScript="" weightStyle="Regular" weight="400" isBold="False" isItalic="False"/>
      <text>Cancel</text>
      <textColor>4284374622</textColor>
      <lineSpacing>0</lineSpacing>
      <selectedIndex>-1</selectedIndex>
    </control>
    <control controlID="4778485C-D972-48CE-B21E-821355DE0BF9" controlTypeID="Button" x="194" y="615" w="171" h="42" zOrder="11">
      <color>4279335626</color>
      <borderVisible>False</borderVisible>
      <font family="Segoe+UI" displayName="Segoe+UI" postScript="" weightStyle="Regular" weight="400" isBold="False" isItalic="False"/>
      <text>Update</text>
      <textColor>4294967295</textColor>
      <lineSpacing>0</lineSpacing>
      <selectedIndex>-1</selectedIndex>
    </control>
    <control controlID="4283214B-35F2-4020-9F88-3948E5BEECD2" controlTypeID="Line" x="220" y="391" w="100" h="1" zOrder="12">
      <font family="Segoe+UI" displayName="Segoe+UI" postScript="" weightStyle="Regular" weight="400" isBold="False" isItalic="False"/>
      <textSize>14</textSize>
      <lineSpacing>0</lineSpacing>
      <selectedIndex>-1</selectedIndex>
      <controlPoint>(50,0)</controlPoint>
      <startPoint>(0,0)</startPoint>
      <endPoint>(100,0)</endPoint>
    </control>
    <control controlID="A12F7B71-A532-4A50-BA67-78091E53D9A5" controlTypeID="Image" x="23" y="212" w="83" h="77" zOrder="13">
      <URL>65A67A1B85BD33A0B4D826077C05193D.png</URL>
    </control>
    <control controlID="0C61D564-EB40-4016-AE4C-4BCF355ED9E5" controlTypeID="Image" x="138" y="212" w="82" h="77" zOrder="14">
      <URL>772425C54950190F49759D61D9D8F722.png</URL>
    </control>
    <control controlID="7B7EF68E-93D1-4DF3-8D2D-D66000283BE6" controlTypeID="SwitchIOS" x="201" y="418" w="60" h="30" zOrder="15">
      <onColor>4279335626</onColor>
    </control>
    <control controlID="FFB318B5-1208-4756-8E9E-22A6C1B102F6" controlTypeID="Label" x="103" y="423" w="92" h="19" zOrder="16">
      <font family="Segoe+UI" displayName="Segoe+UI" postScript="" weightStyle="Regular" weight="400" isBold="False" isItalic="False"/>
      <text>Donate+On%5COff</text>
      <textColor>4279335626</textColor>
      <lineSpacing>0</lineSpacing>
      <selectedIndex>-1</selectedIndex>
    </control>
    <control controlID="5B2FE307-4E4E-41C9-9ACF-012500B90262" controlTypeID="Label" x="207" y="422" w="18" h="19" zOrder="17">
      <font family="Segoe+UI" displayName="Segoe+UI+Bold" postScript="" weightStyle="Bold" weight="700" isBold="True" isItalic="False"/>
      <text>On</text>
      <textColor>4294967295</textColor>
      <lineSpacing>0</lineSpacing>
      <textStyles>[fsBold]</textStyles>
      <selectedIndex>-1</selectedIndex>
    </control>
    <control controlID="76F5AB73-7056-47D5-94CC-73277C56211E" controlTypeID="Image" x="253" y="214" w="78" h="73" zOrder="18">
      <URL>C5F9D32D3D3C2284ABCC3817539185AE.png</URL>
    </control>
  </controls>
  <param>
    <backgroundColor>4294967295</backgroundColor>
    <fontSize>0</fontSize>
    <fontFamily/>
    <guideLines/>
  </param>
</mockup>